ranking;Country;country_code;2019_Rank;2019_Score;2019_income_group;2019_total_gdp;2020_Rank;2020_Score;2020_income_group;2020_total_gdp;2021_Rank;2021_Score;2021_income_group;2021_total_gdp;2022_Rank;2022_Score;2022_income_group;2022_total_gdp;2023_Rank;2023_Score;2023_income_group;2023_total_gdp;2024_Rank;2024_Score
0;Afghanistan;AFG;121;63;PAÍSES DE INGRESO BAJO;18799444490;122;62;PAÍSES DE INGRESO BAJO;19955929052;122;60;PAÍSES DE INGRESO BAJO;14259995441;156;38;PAÍSES DE INGRESO BAJO;14497243872;152;40;PAÍSES DE INGRESO BAJO;17233051620;178;19
4;Angola;AGO;109;65;PAÍSES DE INGRESO MEDIANO BAJO;70897962732;106;66;PAÍSES DE INGRESO MEDIANO BAJO;48501561204;103;66;PAÍSES DE INGRESO MEDIANO BAJO;66505129988;99;57;PAÍSES DE INGRESO MEDIANO BAJO;104399746853;125;48;PAÍSES DE INGRESO MEDIANO BAJO;84824654482;104;52
1;Albania;ALB;82;70;INGRESO MEDIANO ALTO;15585105131;84;70;INGRESO MEDIANO ALTO;15241458745;83;69;INGRESO MEDIANO ALTO;18032010564;103;56;INGRESO MEDIANO ALTO;19017242586;96;58;INGRESO MEDIANO ALTO;23547179830;99;54
3;Andorra;AND;37;75;INGRESO ALTO;3155149348;37;77;INGRESO ALTO;2891001149;39;77;INGRESO ALTO;3324647529;53;69;INGRESO ALTO;3380612573;37;75;INGRESO ALTO;3785067332;72;61
169;United arab emirates;ARE;133;56;INGRESO ALTO;417989721734;131;57;INGRESO ALTO;349473015337;131;57;INGRESO ALTO;415178792770;138;44;INGRESO ALTO;502731935197;145;43;INGRESO ALTO;514130432653;160;31
5;Argentina;ARG;57;72;INGRESO MEDIANO ALTO;447754683615;64;71;INGRESO MEDIANO ALTO;385740508437;69;71;INGRESO MEDIANO ALTO;486564085480;29;77;INGRESO MEDIANO ALTO;632790070063;40;73;INGRESO MEDIANO ALTO;646075277525;66;63
6;Armenia;ARM;61;71;INGRESO MEDIANO ALTO;13619290539;61;71;INGRESO MEDIANO ALTO;12641698583;63;71;INGRESO MEDIANO ALTO;13878908629;51;69;INGRESO MEDIANO ALTO;19513506553;48;71;INGRESO MEDIANO ALTO;24085749592;43;72
7;Australia;AUS;21;83;INGRESO ALTO;1392723834563;26;80;INGRESO ALTO;1328414058378;25;80;INGRESO ALTO;1556735770437;39;74;INGRESO ALTO;1690858246994;27;78;INGRESO ALTO;1728057316696;39;73
8;Austria;AUT;16;85;INGRESO ALTO;442983642372;18;84;INGRESO ALTO;434397601558;17;84;INGRESO ALTO;480467037339;31;77;INGRESO ALTO;471773629830;29;77;INGRESO ALTO;511685203845;32;75
9;Azerbaijan;AZE;166;41;INGRESO MEDIANO ALTO;48174235294;168;42;INGRESO MEDIANO ALTO;42693000000;167;41;INGRESO MEDIANO ALTO;54825411765;154;39;INGRESO MEDIANO ALTO;78807470588;151;40;INGRESO MEDIANO ALTO;72356176471;164;28
24;Burundi;BDI;159;47;PAÍSES DE INGRESO BAJO;2576518880;160;45;PAÍSES DE INGRESO BAJO;2649680261;147;52;PAÍSES DE INGRESO BAJO;2775798697;107;56;PAÍSES DE INGRESO BAJO;3338722828;114;52;PAÍSES DE INGRESO BAJO;2642161669;108;52
13;Belgium;BEL;9;88;INGRESO ALTO;536726344405;12;87;INGRESO ALTO;529694473502;11;88;INGRESO ALTO;598494036474;23;79;INGRESO ALTO;593438820508;31;76;INGRESO ALTO;644782756683;16;81
15;Benin;BEN;96;68;PAÍSES DE INGRESO MEDIANO BAJO;14391686309;113;65;PAÍSES DE INGRESO MEDIANO BAJO;15651545209;114;62;PAÍSES DE INGRESO MEDIANO BAJO;17690083520;121;48;PAÍSES DE INGRESO MEDIANO BAJO;17401746309;112;52;PAÍSES DE INGRESO MEDIANO BAJO;19676049076;89;57
23;Burkina faso;BFA;36;75;PAÍSES DE INGRESO BAJO;16032813503;38;77;PAÍSES DE INGRESO BAJO;17725010533;37;77;PAÍSES DE INGRESO BAJO;19697516284;41;73;PAÍSES DE INGRESO BAJO;18820218691;58;68;PAÍSES DE INGRESO BAJO;20324617845;86;58
11;Bangladesh;BGD;150;49;PAÍSES DE INGRESO MEDIANO BAJO;351231654604;151;51;PAÍSES DE INGRESO MEDIANO BAJO;373979442362;152;50;PAÍSES DE INGRESO MEDIANO BAJO;416271647911;162;37;PAÍSES DE INGRESO MEDIANO BAJO;460131688909;163;35;PAÍSES DE INGRESO MEDIANO BAJO;437415331041;165;28
22;Bulgaria;BGR;111;65;INGRESO ALTO;68631726289;111;65;INGRESO ALTO;70716821235;112;63;INGRESO ALTO;84417951261;91;59;INGRESO ALTO;90642851836;71;63;INGRESO ALTO;102407653021;59;65
10;Bahrain;BHR;167;39;INGRESO ALTO;40446808511;169;40;INGRESO ALTO;35837632979;168;39;INGRESO ALTO;40840212766;167;31;INGRESO ALTO;46680398936;171;31;INGRESO ALTO;46079867021;173;23
18;Bosnia and herzegovina;BIH;63;71;INGRESO MEDIANO ALTO;20482608755;58;71;INGRESO MEDIANO ALTO;20226036564;58;72;INGRESO MEDIANO ALTO;23672712242;67;66;INGRESO MEDIANO ALTO;24534663636;64;65;INGRESO MEDIANO ALTO;27514782476;81;59
12;Belarus;BLR;153;48;INGRESO MEDIANO ALTO;64410122847;153;50;INGRESO MEDIANO ALTO;61371755326;158;49;INGRESO MEDIANO ALTO;69673747132;153;40;INGRESO MEDIANO ALTO;73775179925;157;37;INGRESO MEDIANO ALTO;71857382746;167;27
14;Belize;BLZ;53;72;INGRESO MEDIANO ALTO;2388300000;53;72;INGRESO MEDIANO ALTO;2042850000;53;72;INGRESO MEDIANO ALTO;2420550000;47;71;INGRESO MEDIANO ALTO;2846700000;51;70;INGRESO MEDIANO ALTO;3066850000;54;67
17;Bolivia (plurinational state of);BOL;113;65;PAÍSES DE INGRESO MEDIANO BAJO;40895322844;114;65;PAÍSES DE INGRESO MEDIANO BAJO;36629843805;110;65;PAÍSES DE INGRESO MEDIANO BAJO;40406111695;126;48;PAÍSES DE INGRESO MEDIANO BAJO;44008282878;117;51;PAÍSES DE INGRESO MEDIANO BAJO;45135398009;124;49
20;Brazil;BRA;105;67;INGRESO MEDIANO ALTO;1873288205186;107;66;INGRESO MEDIANO ALTO;1476107231194;111;64;INGRESO MEDIANO ALTO;1670647399035;110;55;INGRESO MEDIANO ALTO;1951923942083;92;59;INGRESO MEDIANO ALTO;2173665655937;82;59
21;Brunei darussalam;BRN;152;49;INGRESO ALTO;13469235348;152;50;INGRESO ALTO;12005799664;154;50;INGRESO ALTO;14006496614;144;43;INGRESO ALTO;16681536443;142;44;INGRESO ALTO;15128292981;117;50
16;Bhutan;BTN;80;70;PAÍSES DE INGRESO MEDIANO BAJO;2735683570;67;71;PAÍSES DE INGRESO MEDIANO BAJO;2457604334;65;71;PAÍSES DE INGRESO MEDIANO BAJO;2768802960;33;76;PAÍSES DE INGRESO MEDIANO BAJO;2898227743;90;59;PAÍSES DE INGRESO MEDIANO BAJO;0;147;37
19;Botswana;BWA;44;75;INGRESO MEDIANO ALTO;16725908149;39;76;INGRESO MEDIANO ALTO;14960291106;38;77;INGRESO MEDIANO ALTO;18750946600;95;58;INGRESO MEDIANO ALTO;20321958850;65;65;INGRESO MEDIANO ALTO;19396084498;79;60
29;Central african republic;CAF;145;53;PAÍSES DE INGRESO BAJO;2221301351;132;57;PAÍSES DE INGRESO BAJO;2326720900;126;58;PAÍSES DE INGRESO BAJO;2516498412;101;57;PAÍSES DE INGRESO BAJO;2382618615;98;58;PAÍSES DE INGRESO BAJO;2555492085;76;60
27;Canada;CAN;18;84;INGRESO ALTO;1743725183673;16;85;INGRESO ALTO;1655684730000;13;85;INGRESO ALTO;2007472181464;19;82;INGRESO ALTO;2161483369422;15;84;INGRESO ALTO;2142470914401;14;82
154;Switzerland;CHE;6;89;INGRESO ALTO;721369112727;8;89;INGRESO ALTO;741999406006;10;89;INGRESO ALTO;813408787222;14;83;INGRESO ALTO;818426550206;12;84;INGRESO ALTO;884940402230;9;84
31;Chile;CHL;46;74;INGRESO ALTO;278285058719;51;73;INGRESO ALTO;254042159309;54;72;INGRESO ALTO;315515014839;82;61;INGRESO ALTO;302116539409;83;60;INGRESO ALTO;335533331669;52;67
32;China;CHN;177;21;INGRESO MEDIANO ALTO;14279968506272;177;22;INGRESO MEDIANO ALTO;14687744162801;177;21;INGRESO MEDIANO ALTO;17820459508852;175;25;INGRESO MEDIANO ALTO;17881782683707;179;23;INGRESO MEDIANO ALTO;17794783039552;172;23
26;Cameroon;CMR;131;57;PAÍSES DE INGRESO MEDIANO BAJO;39667757528;134;57;PAÍSES DE INGRESO MEDIANO BAJO;40773241177;135;56;PAÍSES DE INGRESO MEDIANO BAJO;45011937347;118;49;PAÍSES DE INGRESO MEDIANO BAJO;44347206073;138;46;PAÍSES DE INGRESO MEDIANO BAJO;49279410983;130;45
35;Congo;COG;117;64;PAÍSES DE INGRESO MEDIANO BAJO;13976637780;118;63;PAÍSES DE INGRESO MEDIANO BAJO;11468687464;118;61;PAÍSES DE INGRESO MEDIANO BAJO;14825690211;93;59;PAÍSES DE INGRESO MEDIANO BAJO;15817030155;81;60;PAÍSES DE INGRESO MEDIANO BAJO;15321055823;69;63
41;Congo;COG;154;48;PAÍSES DE INGRESO MEDIANO BAJO;13976637780;150;51;PAÍSES DE INGRESO MEDIANO BAJO;11468687464;149;51;PAÍSES DE INGRESO MEDIANO BAJO;14825690211;125;48;PAÍSES DE INGRESO MEDIANO BAJO;15817030155;124;49;PAÍSES DE INGRESO MEDIANO BAJO;15321055823;123;49
33;Colombia;COL;129;57;INGRESO MEDIANO ALTO;323031701193;130;57;INGRESO MEDIANO ALTO;270348342541;134;56;INGRESO MEDIANO ALTO;318524633225;145;42;INGRESO MEDIANO ALTO;345329875079;139;45;INGRESO MEDIANO ALTO;363493841244;119;50
34;Comoros;COM;56;72;PAÍSES DE INGRESO MEDIANO BAJO;1195019532;75;70;PAÍSES DE INGRESO MEDIANO BAJO;1225039197;84;69;PAÍSES DE INGRESO MEDIANO BAJO;1296089480;83;60;PAÍSES DE INGRESO MEDIANO BAJO;1242519408;75;62;PAÍSES DE INGRESO MEDIANO BAJO;1352380971;71;61
36;Costa rica;CRI;10;88;INGRESO MEDIANO ALTO;64417670521;7;89;INGRESO MEDIANO ALTO;62395610760;5;91;INGRESO MEDIANO ALTO;64960725734;8;86;INGRESO MEDIANO ALTO;69243626029;23;80;INGRESO MEDIANO ALTO;86497941439;26;76
38;Cuba;CUB;169;36;INGRESO MEDIANO ALTO;103427600000;171;36;INGRESO MEDIANO ALTO;107351800000;171;36;INGRESO MEDIANO ALTO;0;173;27;INGRESO MEDIANO ALTO;0;172;29;INGRESO MEDIANO ALTO;0;168;26
39;Cyprus;CYP;28;78;INGRESO ALTO;26196667100;27;80;INGRESO ALTO;25555093854;26;80;INGRESO ALTO;30372874320;65;66;INGRESO ALTO;30976176887;55;69;INGRESO ALTO;33886930712;65;63
120;Cyprus;CYP;74;70;INGRESO ALTO;26196667100;77;70;INGRESO ALTO;25555093854;76;70;INGRESO ALTO;30372874320;81;61;INGRESO ALTO;30976176887;76;62;INGRESO ALTO;33886930712;90;57
59;Germany;DEU;13;85;INGRESO ALTO;3957208055216;11;88;INGRESO ALTO;3940142541354;13;85;INGRESO ALTO;4348297440388;16;82;INGRESO ALTO;4163596357879;21;82;INGRESO ALTO;4525703903628;10;84
43;Djibouti;DJI;173;29;PAÍSES DE INGRESO MEDIANO BAJO;3088853639;176;23;PAÍSES DE INGRESO MEDIANO BAJO;3185150981;176;21;PAÍSES DE INGRESO MEDIANO BAJO;3385825229;164;36;PAÍSES DE INGRESO MEDIANO BAJO;3674298479;162;36;PAÍSES DE INGRESO MEDIANO BAJO;4098530514;161;30
42;Denmark;DNK;5;90;INGRESO ALTO;345401473013;3;92;INGRESO ALTO;355631021932;4;91;INGRESO ALTO;408378204640;2;90;INGRESO ALTO;401945576108;3;89;INGRESO ALTO;407091920305;2;90
44;Dominican republic;DOM;55;72;INGRESO MEDIANO ALTO;88941372558;55;72;INGRESO MEDIANO ALTO;78844656298;50;74;INGRESO MEDIANO ALTO;94243425938;30;77;INGRESO MEDIANO ALTO;113537368176;43;72;INGRESO MEDIANO ALTO;121444279314;35;74
2;Algeria;DZA;141;54;INGRESO MEDIANO ALTO;193459662091;146;54;INGRESO MEDIANO ALTO;164873415325;146;53;INGRESO MEDIANO ALTO;186231205262;134;46;INGRESO MEDIANO ALTO;225638456572;136;46;INGRESO MEDIANO ALTO;247626161016;139;42
45;Ecuador;ECU;97;68;INGRESO MEDIANO ALTO;107595829000;98;67;INGRESO MEDIANO ALTO;95865472000;96;67;INGRESO MEDIANO ALTO;107435101000;68;65;INGRESO MEDIANO ALTO;116586079000;80;61;INGRESO MEDIANO ALTO;118844826000;110;51
46;Egypt;EGY;163;44;PAÍSES DE INGRESO MEDIANO BAJO;318678815490;166;43;PAÍSES DE INGRESO MEDIANO BAJO;383817841547;166;44;PAÍSES DE INGRESO MEDIANO BAJO;424671765456;168;30;PAÍSES DE INGRESO MEDIANO BAJO;476747720365;166;33;PAÍSES DE INGRESO MEDIANO BAJO;396002496997;170;25
149;Spain;ESP;29;78;INGRESO ALTO;1403496387686;29;78;INGRESO ALTO;1289783836971;29;80;INGRESO ALTO;1461244901853;32;77;INGRESO ALTO;1446498147749;36;75;INGRESO ALTO;1620090734957;30;76
50;Estonia;EST;11;88;INGRESO ALTO;31873748770;14;87;INGRESO ALTO;31820771494;15;85;INGRESO ALTO;37204563051;4;89;INGRESO ALTO;38376046175;8;85;INGRESO ALTO;41291245222;6;86
52;Ethiopia;ETH;110;65;PAÍSES DE INGRESO BAJO;95912607722;99;67;PAÍSES DE INGRESO BAJO;107657734392;101;66;PAÍSES DE INGRESO BAJO;111261882958;114;51;PAÍSES DE INGRESO BAJO;126772703048;130;48;PAÍSES DE INGRESO BAJO;163697927594;141;41
54;Finland;FIN;2;92;INGRESO ALTO;267014821129;2;92;INGRESO ALTO;270000311606;2;93;INGRESO ALTO;294223210496;5;88;INGRESO ALTO;280241515774;5;88;INGRESO ALTO;295532341255;5;87
53;Fiji;FJI;52;73;INGRESO MEDIANO ALTO;5444407214;52;73;INGRESO MEDIANO ALTO;4432466237;55;72;INGRESO MEDIANO ALTO;4305031631;102;57;INGRESO MEDIANO ALTO;4969503561;89;59;INGRESO MEDIANO ALTO;5442046565;44;71
55;France;FRA;32;78;INGRESO ALTO;2722793515172;34;77;INGRESO ALTO;2647926055110;34;77;INGRESO ALTO;2966433692008;26;79;INGRESO ALTO;2796302210399;24;79;INGRESO ALTO;3051831611385;21;79
56;Gabon;GAB;115;64;INGRESO MEDIANO ALTO;16874405465;121;63;INGRESO MEDIANO ALTO;15342236164;117;61;INGRESO MEDIANO ALTO;19444935097;105;56;INGRESO MEDIANO ALTO;20440655695;94;58;INGRESO MEDIANO ALTO;19388402542;56;66
170;United kingdom of great britain and northern ireland;GBR;33;78;INGRESO ALTO;2851407164908;35;77;INGRESO ALTO;2696778386608;33;78;INGRESO ALTO;3143323050707;24;79;INGRESO ALTO;3114042471144;26;79;INGRESO ALTO;3380854520810;23;78
58;Georgia;GEO;60;71;INGRESO MEDIANO ALTO;17638337117;60;71;INGRESO MEDIANO ALTO;16010869216;60;71;INGRESO MEDIANO ALTO;18853115589;89;59;INGRESO MEDIANO ALTO;24984568960;77;62;INGRESO MEDIANO ALTO;30777833585;103;53
60;Ghana;GHA;27;79;PAÍSES DE INGRESO MEDIANO BAJO;68337969248;30;78;PAÍSES DE INGRESO MEDIANO BAJO;70043099676;30;79;PAÍSES DE INGRESO MEDIANO BAJO;79524421861;60;67;PAÍSES DE INGRESO MEDIANO BAJO;74263364042;62;66;PAÍSES DE INGRESO MEDIANO BAJO;76370396722;50;68
63;Guinea;GIN;107;67;PAÍSES DE INGRESO MEDIANO BAJO;13442861496;110;66;PAÍSES DE INGRESO MEDIANO BAJO;14088693743;109;65;PAÍSES DE INGRESO MEDIANO BAJO;17069115738;84;60;PAÍSES DE INGRESO MEDIANO BAJO;19910452542;85;60;PAÍSES DE INGRESO MEDIANO BAJO;22199409741;78;60
57;Gambia;GMB;92;69;PAÍSES DE INGRESO BAJO;1813609692;87;69;PAÍSES DE INGRESO BAJO;1812170891;85;69;PAÍSES DE INGRESO BAJO;2014158842;50;69;PAÍSES DE INGRESO BAJO;2204734528;46;71;PAÍSES DE INGRESO BAJO;2396111022;58;66
64;Guinea-bissau;GNB;89;69;PAÍSES DE INGRESO BAJO;1588638854;94;68;PAÍSES DE INGRESO BAJO;1646400350;95;67;PAÍSES DE INGRESO BAJO;1853796456;92;59;PAÍSES DE INGRESO BAJO;1796608531;78;62;PAÍSES DE INGRESO BAJO;2048348108;92;56
48;Equatorial guinea;GNQ;165;42;INGRESO MEDIANO ALTO;11364133550;165;44;INGRESO MEDIANO ALTO;9893816008;164;44;INGRESO MEDIANO ALTO;12215878033;141;44;INGRESO MEDIANO ALTO;13687643436;120;50;INGRESO MEDIANO ALTO;12337550584;127;46
61;Greece;GRC;65;71;INGRESO ALTO;207305649887;65;71;INGRESO ALTO;191362985555;70;71;INGRESO ALTO;218303801895;108;56;INGRESO ALTO;218880566444;107;55;INGRESO ALTO;243498333238;88;57
62;Guatemala;GTM;116;64;INGRESO MEDIANO ALTO;77172317259;116;64;INGRESO MEDIANO ALTO;77719464221;116;62;INGRESO MEDIANO ALTO;86478835636;124;48;INGRESO MEDIANO ALTO;95630524813;127;48;INGRESO MEDIANO ALTO;104450210572;138;42
65;Guyana;GUY;51;73;INGRESO ALTO;5173760192;49;73;INGRESO ALTO;5471256595;51;74;INGRESO ALTO;8041363893;34;76;INGRESO ALTO;14718387017;60;68;INGRESO ALTO;17159509565;77;60
68;Hong kong;HKG;73;70;INGRESO ALTO;363074545072;80;70;INGRESO ALTO;344943149590;80;70;INGRESO ALTO;368954169749;148;42;INGRESO ALTO;358681066274;140;45;INGRESO ALTO;380812234828;135;43
67;Honduras;HND;146;51;PAÍSES DE INGRESO MEDIANO BAJO;24882225742;148;52;PAÍSES DE INGRESO MEDIANO BAJO;23352232484;151;51;PAÍSES DE INGRESO MEDIANO BAJO;28144331507;165;35;PAÍSES DE INGRESO MEDIANO BAJO;31426041807;169;33;PAÍSES DE INGRESO MEDIANO BAJO;34400509852;146;38
37;Croatia;HRV;64;71;INGRESO ALTO;61467582194;59;71;INGRESO ALTO;57963370885;56;72;INGRESO ALTO;69006802299;48;70;INGRESO ALTO;71198635102;42;72;INGRESO ALTO;84393795502;48;69
66;Haiti;HTI;62;71;PAÍSES DE INGRESO MEDIANO BAJO;15016090930;83;70;PAÍSES DE INGRESO MEDIANO BAJO;14508222518;87;69;PAÍSES DE INGRESO MEDIANO BAJO;20877414953;70;65;PAÍSES DE INGRESO MEDIANO BAJO;20253551921;99;57;PAÍSES DE INGRESO MEDIANO BAJO;19850829758;93;56
69;Hungary;HUN;87;70;INGRESO ALTO;164020460332;89;69;INGRESO ALTO;157288955508;92;68;INGRESO ALTO;182109999478;85;60;INGRESO ALTO;177006128625;72;63;INGRESO ALTO;212388906459;67;63
72;Indonesia;IDN;124;63;INGRESO MEDIANO ALTO;1119099871386;119;63;INGRESO MEDIANO ALTO;1059054842712;113;63;INGRESO MEDIANO ALTO;1186509691071;117;49;INGRESO MEDIANO ALTO;1319076267292;108;55;INGRESO MEDIANO ALTO;1371171152331;111;51
71;India;IND;140;54;PAÍSES DE INGRESO MEDIANO BAJO;2835606256558;142;55;PAÍSES DE INGRESO MEDIANO BAJO;2674851578587;142;53;PAÍSES DE INGRESO MEDIANO BAJO;3167270623260;150;41;PAÍSES DE INGRESO MEDIANO BAJO;3353470496886;161;37;PAÍSES DE INGRESO MEDIANO BAJO;3567551674623;159;31
75;Ireland;IRL;15;85;INGRESO ALTO;407124824065;13;87;INGRESO ALTO;436555518400;12;88;INGRESO ALTO;531306516908;6;88;INGRESO ALTO;548570250342;2;90;INGRESO ALTO;551394889340;8;86
73;Iran (islamic republic of);IRN;170;36;INGRESO MEDIANO ALTO;333519146339;173;35;INGRESO MEDIANO ALTO;262186179356;174;27;INGRESO MEDIANO ALTO;383436202447;178;23;INGRESO MEDIANO ALTO;394362621793;177;25;INGRESO MEDIANO ALTO;404625655205;176;21
74;Iraq;IRQ;156;47;INGRESO MEDIANO ALTO;233636097800;162;45;INGRESO MEDIANO ALTO;180898797517;163;44;INGRESO MEDIANO ALTO;209691945713;172;29;INGRESO MEDIANO ALTO;286640340966;167;33;INGRESO MEDIANO ALTO;250842782139;169;25
70;Iceland;ISL;14;85;INGRESO ALTO;24681343649;15;85;INGRESO ALTO;21629953194;16;85;INGRESO ALTO;25825287184;15;83;INGRESO ALTO;28770206627;18;83;INGRESO ALTO;31325116556;18;80
76;Israel;ISR;88;69;INGRESO ALTO;399651065198;88;69;INGRESO ALTO;411728563087;86;69;INGRESO ALTO;489708278893;86;60;INGRESO ALTO;525000415277;97;58;INGRESO ALTO;513611100816;101;53
77;Italy;ITA;43;75;INGRESO ALTO;2019606796584;41;76;INGRESO ALTO;1907481094079;41;77;INGRESO ALTO;2179207773596;58;68;INGRESO ALTO;2102995942720;41;72;INGRESO ALTO;2300941152992;46;70
79;Jamaica;JAM;8;89;INGRESO MEDIANO ALTO;15830766571;6;89;INGRESO MEDIANO ALTO;13812421803;7;90;INGRESO MEDIANO ALTO;14657586127;12;83;INGRESO MEDIANO ALTO;17097760724;32;76;INGRESO MEDIANO ALTO;19423355409;24;77
81;Jordan;JOR;130;57;PAÍSES DE INGRESO MEDIANO BAJO;44503006338;128;58;PAÍSES DE INGRESO MEDIANO BAJO;43700383099;129;57;PAÍSES DE INGRESO MEDIANO BAJO;46296100141;120;49;PAÍSES DE INGRESO MEDIANO BAJO;48764963380;146;43;PAÍSES DE INGRESO MEDIANO BAJO;50967475352;132;44
80;Japan;JPN;67;71;INGRESO ALTO;5117993853017;66;71;INGRESO ALTO;5055587093502;67;71;INGRESO ALTO;5034620784585;71;64;INGRESO ALTO;4256410760724;68;64;INGRESO ALTO;4204494802432;70;62
82;Kazakhstan;KAZ;158;47;INGRESO MEDIANO ALTO;181667184855;157;46;INGRESO MEDIANO ALTO;171082365861;155;50;INGRESO MEDIANO ALTO;197112255361;122;48;INGRESO MEDIANO ALTO;225496328925;134;46;INGRESO MEDIANO ALTO;262641892079;142;41
83;Kenya;KEN;100;68;PAÍSES DE INGRESO MEDIANO BAJO;100378436207;103;66;PAÍSES DE INGRESO MEDIANO BAJO;100657505751;102;66;PAÍSES DE INGRESO MEDIANO BAJO;109703658905;69;65;PAÍSES DE INGRESO MEDIANO BAJO;114448978153;116;51;PAÍSES DE INGRESO MEDIANO BAJO;108038588971;102;53
86;Kyrgyzstan;KGZ;83;70;PAÍSES DE INGRESO MEDIANO BAJO;9371275264;82;70;PAÍSES DE INGRESO MEDIANO BAJO;8270468614;79;70;PAÍSES DE INGRESO MEDIANO BAJO;9249133946;72;64;PAÍSES DE INGRESO MEDIANO BAJO;12134931018;122;50;PAÍSES DE INGRESO MEDIANO BAJO;13987627909;120;49
25;Cambodia;KHM;143;54;PAÍSES DE INGRESO MEDIANO BAJO;36685356408;144;55;PAÍSES DE INGRESO MEDIANO BAJO;34818073901;144;53;PAÍSES DE INGRESO MEDIANO BAJO;36790163687;142;43;PAÍSES DE INGRESO MEDIANO BAJO;39994532960;147;42;PAÍSES DE INGRESO MEDIANO BAJO;42335646896;151;34
85;Kuwait;KWT;108;66;INGRESO ALTO;140856394870;109;66;INGRESO ALTO;111045470461;105;66;INGRESO ALTO;148459291453;158;38;INGRESO ALTO;183940215065;154;39;INGRESO ALTO;163704878876;131;45
89;Lebanon;LBN;101;68;PAÍSES DE INGRESO MEDIANO BAJO;51605959131;102;67;PAÍSES DE INGRESO MEDIANO BAJO;31712128254;107;65;PAÍSES DE INGRESO MEDIANO BAJO;23131941557;130;47;PAÍSES DE INGRESO MEDIANO BAJO;20992421949;119;50;PAÍSES DE INGRESO MEDIANO BAJO;0;140;42
91;Liberia;LBR;93;69;PAÍSES DE INGRESO BAJO;3319596500;95;68;PAÍSES DE INGRESO BAJO;3176126300;98;67;PAÍSES DE INGRESO BAJO;3513049500;75;63;PAÍSES DE INGRESO BAJO;4001047000;66;64;PAÍSES DE INGRESO BAJO;4240000000;60;65
92;Libya;LBY;162;44;INGRESO MEDIANO ALTO;69254496472;164;44;INGRESO MEDIANO ALTO;46854285441;165;44;INGRESO MEDIANO ALTO;35217995647;143;43;INGRESO MEDIANO ALTO;43246297922;149;40;INGRESO MEDIANO ALTO;45096462972;143;41
93;Liechtenstein;LIE;26;80;INGRESO ALTO;6436467007;24;80;INGRESO ALTO;6405870210;23;81;INGRESO ALTO;7710380086;10;84;INGRESO ALTO;7361504432;11;84;INGRESO ALTO;0;15;82
150;Sri lanka;LKA;126;60;PAÍSES DE INGRESO MEDIANO BAJO;89014978344;127;58;PAÍSES DE INGRESO MEDIANO BAJO;84304298771;127;58;PAÍSES DE INGRESO MEDIANO BAJO;88609324902;146;42;PAÍSES DE INGRESO MEDIANO BAJO;74144870023;135;46;PAÍSES DE INGRESO MEDIANO BAJO;84356863744;150;35
90;Lesotho;LSO;78;70;PAÍSES DE INGRESO MEDIANO BAJO;2390702296;86;70;PAÍSES DE INGRESO MEDIANO BAJO;2053699870;88;68;PAÍSES DE INGRESO MEDIANO BAJO;2412130057;88;59;PAÍSES DE INGRESO MEDIANO BAJO;2354683089;67;64;PAÍSES DE INGRESO MEDIANO BAJO;2117962451;122;49
94;Lithuania;LTU;30;78;INGRESO ALTO;55122066226;28;79;INGRESO ALTO;57412038533;28;80;INGRESO ALTO;67037321009;9;84;INGRESO ALTO;71033884500;7;87;INGRESO ALTO;79789877416;13;82
95;Luxembourg;LUX;17;84;INGRESO ALTO;69890505324;17;85;INGRESO ALTO;73699366700;20;82;INGRESO ALTO;85584105994;21;80;INGRESO ALTO;81641807866;20;82;INGRESO ALTO;85755006124;11;84
88;Latvia;LVA;24;80;INGRESO ALTO;33099503951;22;81;INGRESO ALTO;33379927435;22;81;INGRESO ALTO;38185125733;22;79;INGRESO ALTO;38018905782;16;83;INGRESO ALTO;42247850065;12;83
108;Morocco;MAR;135;56;PAÍSES DE INGRESO MEDIANO BAJO;128920266409;133;57;PAÍSES DE INGRESO MEDIANO BAJO;121353645057;136;56;PAÍSES DE INGRESO MEDIANO BAJO;142022058447;135;45;PAÍSES DE INGRESO MEDIANO BAJO;130951926351;144;44;PAÍSES DE INGRESO MEDIANO BAJO;144417103250;129;46
105;Moldova, republic of;MDA;91;69;INGRESO MEDIANO ALTO;11736797055;91;69;INGRESO MEDIANO ALTO;11530746234;89;68;INGRESO MEDIANO ALTO;13691869264;40;73;INGRESO MEDIANO ALTO;14510490660;28;78;INGRESO MEDIANO ALTO;16539436547;31;75
96;Madagascar;MDG;54;72;PAÍSES DE INGRESO BAJO;14104664679;54;72;PAÍSES DE INGRESO BAJO;13051441204;57;72;PAÍSES DE INGRESO BAJO;14554754117;98;58;PAÍSES DE INGRESO BAJO;15134700203;101;57;PAÍSES DE INGRESO BAJO;15790113247;100;54
99;Maldives;MDV;98;68;INGRESO MEDIANO ALTO;5726094799;79;70;INGRESO MEDIANO ALTO;3712604583;72;71;INGRESO MEDIANO ALTO;5252457370;87;60;INGRESO MEDIANO ALTO;6177118114;100;57;INGRESO MEDIANO ALTO;6590894302;106;52
104;Mexico;MEX;144;53;INGRESO MEDIANO ALTO;1304106203695;143;55;INGRESO MEDIANO ALTO;1121064767262;143;53;INGRESO MEDIANO ALTO;1316569466933;127;48;INGRESO MEDIANO ALTO;1464312692332;128;48;INGRESO MEDIANO ALTO;1789114434843;121;49
119;North macedonia;MKD;95;68;INGRESO MEDIANO ALTO;12606338449;92;69;INGRESO MEDIANO ALTO;12361036914;90;68;INGRESO MEDIANO ALTO;14000283827;57;68;INGRESO MEDIANO ALTO;13932436550;38;74;INGRESO MEDIANO ALTO;15763621848;36;74
100;Mali;MLI;112;65;PAÍSES DE INGRESO BAJO;17280250810;108;66;PAÍSES DE INGRESO BAJO;17465392764;99;66;PAÍSES DE INGRESO BAJO;19309463508;111;54;PAÍSES DE INGRESO BAJO;18780322204;113;52;PAÍSES DE INGRESO BAJO;20661794596;114;51
101;Malta;MLT;77;70;INGRESO ALTO;16337793531;81;70;INGRESO ALTO;16385919536;81;70;INGRESO ALTO;19718565605;78;62;INGRESO ALTO;19209979975;84;60;INGRESO ALTO;22328640242;73;61
110;Myanmar;MMR;138;55;PAÍSES DE INGRESO MEDIANO BAJO;75065106228;139;55;PAÍSES DE INGRESO MEDIANO BAJO;79006113643;140;54;PAÍSES DE INGRESO MEDIANO BAJO;66345291160;176;25;PAÍSES DE INGRESO MEDIANO BAJO;62253049892;173;28;PAÍSES DE INGRESO MEDIANO BAJO;66757619000;171;24
107;Montenegro;MNE;104;67;INGRESO MEDIANO ALTO;5542054181;105;66;INGRESO MEDIANO ALTO;4769996866;104;66;INGRESO MEDIANO ALTO;5861427505;63;67;INGRESO MEDIANO ALTO;6229801581;39;74;INGRESO MEDIANO ALTO;7530593375;40;73
106;Mongolia;MNG;70;70;INGRESO MEDIANO ALTO;14206359018;73;70;INGRESO MEDIANO ALTO;13312981429;68;71;INGRESO MEDIANO ALTO;15286441738;90;59;INGRESO MEDIANO ALTO;17146471714;88;59;INGRESO MEDIANO ALTO;20325121394;109;51
109;Mozambique;MOZ;103;67;PAÍSES DE INGRESO BAJO;15512759047;104;66;PAÍSES DE INGRESO BAJO;14235420174;108;65;PAÍSES DE INGRESO BAJO;16168055475;116;50;PAÍSES DE INGRESO BAJO;18883528581;102;56;PAÍSES DE INGRESO BAJO;20954220984;105;52
102;Mauritania;MRT;94;68;PAÍSES DE INGRESO MEDIANO BAJO;7894764886;97;67;PAÍSES DE INGRESO MEDIANO BAJO;8260752385;94;68;PAÍSES DE INGRESO MEDIANO BAJO;9222536364;97;58;PAÍSES DE INGRESO MEDIANO BAJO;9557966698;86;59;PAÍSES DE INGRESO MEDIANO BAJO;10651709411;33;74
103;Mauritius;MUS;58;72;INGRESO MEDIANO ALTO;14436346980;56;72;INGRESO MEDIANO ALTO;11408106446;61;71;INGRESO MEDIANO ALTO;11484348858;64;66;INGRESO MEDIANO ALTO;12927979286;63;66;INGRESO MEDIANO ALTO;14644524819;57;66
97;Malawi;MWI;68;71;PAÍSES DE INGRESO BAJO;11051865580;69;71;PAÍSES DE INGRESO BAJO;11769313598;62;71;PAÍSES DE INGRESO BAJO;12378129751;80;61;PAÍSES DE INGRESO BAJO;12429060151;82;60;PAÍSES DE INGRESO BAJO;12712150082;63;64
98;Malaysia;MYS;123;63;INGRESO MEDIANO ALTO;365177721022;101;67;INGRESO MEDIANO ALTO;337456163961;119;61;INGRESO MEDIANO ALTO;373784823673;113;52;INGRESO MEDIANO ALTO;407605841348;73;63;INGRESO MEDIANO ALTO;399705169318;107;52
111;Namibia;NAM;23;81;INGRESO MEDIANO ALTO;12541928303;23;81;INGRESO MEDIANO ALTO;10583748542;24;80;INGRESO MEDIANO ALTO;12402486184;18;82;INGRESO MEDIANO ALTO;12567271005;22;81;INGRESO MEDIANO ALTO;12351025067;34;74
116;Niger;NER;66;71;PAÍSES DE INGRESO BAJO;12889555561;57;72;PAÍSES DE INGRESO BAJO;13744653103;59;72;PAÍSES DE INGRESO BAJO;14915002436;59;68;PAÍSES DE INGRESO BAJO;15433852712;61;67;PAÍSES DE INGRESO BAJO;16819170421;80;60
117;Nigeria;NGA;120;64;PAÍSES DE INGRESO MEDIANO BAJO;474517490844;115;64;PAÍSES DE INGRESO MEDIANO BAJO;432198898468;120;60;PAÍSES DE INGRESO MEDIANO BAJO;440833635874;129;47;PAÍSES DE INGRESO MEDIANO BAJO;477403400101;123;50;PAÍSES DE INGRESO MEDIANO BAJO;363846332835;112;51
115;Nicaragua;NIC;114;64;PAÍSES DE INGRESO MEDIANO BAJO;12699028890;117;64;PAÍSES DE INGRESO MEDIANO BAJO;12681569254;121;60;PAÍSES DE INGRESO MEDIANO BAJO;14144060853;160;37;PAÍSES DE INGRESO MEDIANO BAJO;15649897117;158;37;PAÍSES DE INGRESO MEDIANO BAJO;17829218219;163;29
113;Netherlands;NLD;4;91;INGRESO ALTO;928903005576;5;90;INGRESO ALTO;932560861701;6;90;INGRESO ALTO;1054472123450;28;78;INGRESO ALTO;1046540797549;6;87;INGRESO ALTO;1154361305398;4;88
121;Norway;NOR;1;92;INGRESO ALTO;408742840909;1;92;INGRESO ALTO;367633418887;1;93;INGRESO ALTO;503367986030;1;93;INGRESO ALTO;593726965416;1;95;INGRESO ALTO;485310823604;1;92
112;Nepal;NPL;106;67;PAÍSES DE INGRESO MEDIANO BAJO;34186180699;112;65;PAÍSES DE INGRESO MEDIANO BAJO;33433659301;106;65;PAÍSES DE INGRESO MEDIANO BAJO;36924841394;76;63;PAÍSES DE INGRESO MEDIANO BAJO;41182939601;95;58;PAÍSES DE INGRESO MEDIANO BAJO;40908073367;74;61
114;New zealand;NZL;7;89;INGRESO ALTO;212846907683;9;89;INGRESO ALTO;212697530898;8;90;INGRESO ALTO;253644079785;11;84;INGRESO ALTO;246733522841;13;84;INGRESO ALTO;252175506110;19;80
122;Oman;OMN;132;57;INGRESO ALTO;88060858257;135;57;INGRESO ALTO;75909492848;133;57;INGRESO ALTO;87323797139;163;36;INGRESO ALTO;111943823147;155;38;INGRESO ALTO;108810923277;137;43
123;Pakistan;PAK;142;54;PAÍSES DE INGRESO MEDIANO BAJO;320909472771;145;54;PAÍSES DE INGRESO MEDIANO BAJO;300425609818;145;53;PAÍSES DE INGRESO MEDIANO BAJO;348516647445;157;38;PAÍSES DE INGRESO MEDIANO BAJO;374890295667;150;40;PAÍSES DE INGRESO MEDIANO BAJO;337912301398;152;34
125;Panama;PAN;79;70;INGRESO ALTO;69778991200;76;70;INGRESO ALTO;57059846500;77;70;INGRESO ALTO;67396392500;74;63;INGRESO ALTO;76276116700;69;64;INGRESO ALTO;83318176900;83;59
128;Peru;PER;85;70;INGRESO MEDIANO ALTO;228346006004;90;69;INGRESO MEDIANO ALTO;201409694756;91;68;INGRESO MEDIANO ALTO;226354278281;77;62;INGRESO MEDIANO ALTO;246488757636;110;53;INGRESO MEDIANO ALTO;267603248655;125;48
129;Philippines;PHL;134;56;PAÍSES DE INGRESO MEDIANO BAJO;376823402245;136;56;PAÍSES DE INGRESO MEDIANO BAJO;361751145452;138;54;PAÍSES DE INGRESO MEDIANO BAJO;394087359848;147;42;PAÍSES DE INGRESO MEDIANO BAJO;404353369605;132;46;PAÍSES DE INGRESO MEDIANO BAJO;437146372730;134;43
126;Papua new guinea;PNG;38;75;PAÍSES DE INGRESO MEDIANO BAJO;24750626041;46;76;PAÍSES DE INGRESO MEDIANO BAJO;23848447850;47;75;PAÍSES DE INGRESO MEDIANO BAJO;26109413522;62;67;PAÍSES DE INGRESO MEDIANO BAJO;31647277767;59;68;PAÍSES DE INGRESO MEDIANO BAJO;30729242919;91;56
130;Poland;POL;59;71;INGRESO ALTO;602683770145;62;71;INGRESO ALTO;605914237904;64;71;INGRESO ALTO;689170230665;66;66;INGRESO ALTO;695607470875;57;68;INGRESO ALTO;809200697797;47;69
131;Portugal;PRT;12;87;INGRESO ALTO;240115970063;10;88;INGRESO ALTO;229618773423;9;90;INGRESO ALTO;256055879091;7;87;INGRESO ALTO;256898675069;9;85;INGRESO ALTO;289114289664;7;86
127;Paraguay;PRY;99;68;INGRESO MEDIANO ALTO;37925338329;100;67;INGRESO MEDIANO ALTO;35432178068;100;66;INGRESO MEDIANO ALTO;39950899939;96;58;INGRESO MEDIANO ALTO;41952910858;103;56;INGRESO MEDIANO ALTO;42956263544;115;50
124;Palestine, state of;PSE;137;55;PAÍSES DE INGRESO MEDIANO BAJO;17133500000;137;56;PAÍSES DE INGRESO MEDIANO BAJO;15531700000;132;57;PAÍSES DE INGRESO MEDIANO BAJO;18109000000;170;29;PAÍSES DE INGRESO MEDIANO BAJO;19165500000;156;38;PAÍSES DE INGRESO MEDIANO BAJO;17420800000;157;32
132;Qatar;QAT;128;57;INGRESO ALTO;176371267689;129;57;INGRESO ALTO;144411363345;128;57;INGRESO ALTO;179732009555;119;49;INGRESO ALTO;235709325708;105;55;INGRESO ALTO;213002809330;84;58
133;Romania;ROU;47;74;INGRESO ALTO;251677082534;48;74;INGRESO ALTO;252033792712;48;75;INGRESO ALTO;286578196368;56;68;INGRESO ALTO;296354358293;53;69;INGRESO ALTO;350775856415;49;68
134;Russian federation;RUS;149;50;INGRESO ALTO;1693115002708;149;51;INGRESO ALTO;1493075894362;150;51;INGRESO ALTO;1843392293734;155;39;INGRESO ALTO;2266029240645;164;35;INGRESO ALTO;2021421476035;162;30
135;Rwanda;RWA;155;48;PAÍSES DE INGRESO BAJO;10349300380;155;50;PAÍSES DE INGRESO BAJO;10174387374;156;49;PAÍSES DE INGRESO BAJO;11069280650;136;45;PAÍSES DE INGRESO BAJO;13316160895;131;47;PAÍSES DE INGRESO BAJO;14097768472;144;41
137;Saudi arabia;SAU;172;34;INGRESO ALTO;838564800000;170;38;INGRESO ALTO;734271200000;170;37;INGRESO ALTO;874156000000;166;34;INGRESO ALTO;1108571466667;170;32;INGRESO ALTO;1067582933333;166;27
151;Sudan;SDN;175;28;PAÍSES DE INGRESO BAJO;32338079165;159;45;PAÍSES DE INGRESO BAJO;27034593750;159;47;PAÍSES DE INGRESO BAJO;34229513775;151;41;PAÍSES DE INGRESO BAJO;51666875363;148;41;PAÍSES DE INGRESO BAJO;109265503111;149;36
138;Senegal;SEN;49;74;PAÍSES DE INGRESO MEDIANO BAJO;23403995992;47;76;PAÍSES DE INGRESO MEDIANO BAJO;24530513038;49;75;PAÍSES DE INGRESO MEDIANO BAJO;27520784130;73;63;PAÍSES DE INGRESO MEDIANO BAJO;27619479060;104;56;PAÍSES DE INGRESO MEDIANO BAJO;30848333084;94;55
142;Singapore;SGP;151;49;INGRESO ALTO;376901649222;158;45;INGRESO ALTO;349488382611;160;45;INGRESO ALTO;434111559283;139;44;INGRESO ALTO;498474540988;129;48;INGRESO ALTO;501427500080;126;47
141;Sierra leone;SLE;86;70;PAÍSES DE INGRESO BAJO;6523577590;85;70;PAÍSES DE INGRESO BAJO;6688594758;75;70;PAÍSES DE INGRESO BAJO;7165214368;46;71;PAÍSES DE INGRESO BAJO;7119137322;74;63;PAÍSES DE INGRESO BAJO;6411869546;64;64
47;El salvador;SLV;81;70;INGRESO MEDIANO ALTO;26881140000;74;70;INGRESO MEDIANO ALTO;24921190000;82;70;INGRESO MEDIANO ALTO;29043140000;112;54;INGRESO MEDIANO ALTO;31988920000;115;51;INGRESO MEDIANO ALTO;34015620000;133;44
145;Somalia;SOM;164;43;PAÍSES DE INGRESO BAJO;8655023960;163;45;PAÍSES DE INGRESO BAJO;8628393720;161;45;PAÍSES DE INGRESO BAJO;9483997404;140;44;PAÍSES DE INGRESO BAJO;10202767270;141;44;PAÍSES DE INGRESO BAJO;10968517090;145;39
139;Serbia;SRB;90;69;INGRESO MEDIANO ALTO;53864693665;93;68;INGRESO MEDIANO ALTO;55874017669;93;68;INGRESO MEDIANO ALTO;66159884073;79;62;INGRESO MEDIANO ALTO;66797564758;91;59;INGRESO MEDIANO ALTO;81342660752;98;54
152;Suriname;SUR;20;84;INGRESO MEDIANO ALTO;4016040575;20;82;INGRESO MEDIANO ALTO;2911807496;19;83;INGRESO MEDIANO ALTO;3107923198;52;69;INGRESO MEDIANO ALTO;3791603200;48;71;INGRESO MEDIANO ALTO;3455146281;28;76
143;Slovakia;SVK;35;76;INGRESO ALTO;105843498304;33;77;INGRESO ALTO;107732602896;35;77;INGRESO ALTO;120592216208;27;78;INGRESO ALTO;115928615553;17;83;INGRESO ALTO;132908336234;29;76
144;Slovenia;SVN;34;78;INGRESO ALTO;53909922736;32;77;INGRESO ALTO;53384760135;36;77;INGRESO ALTO;61529280461;54;69;INGRESO ALTO;59927702746;50;71;INGRESO ALTO;69148468417;42;73
153;Sweden;SWE;3;92;INGRESO ALTO;532169294166;4;91;INGRESO ALTO;545147614972;3;93;INGRESO ALTO;637186904844;3;89;INGRESO ALTO;579895717344;4;88;INGRESO ALTO;584960475767;3;88
51;Eswatini;SWZ;147;51;PAÍSES DE INGRESO MEDIANO BAJO;4594818143;141;55;PAÍSES DE INGRESO MEDIANO BAJO;4105756863;141;54;PAÍSES DE INGRESO MEDIANO BAJO;4737671576;131;46;PAÍSES DE INGRESO MEDIANO BAJO;4695372785;111;53;PAÍSES DE INGRESO MEDIANO BAJO;4442875788;85;58
140;Seychelles;SYC;69;71;INGRESO ALTO;1868690097;63;71;INGRESO ALTO;1382551752;52;74;INGRESO ALTO;1487173795;13;83;INGRESO ALTO;2057968520;34;76;INGRESO ALTO;2141450171;37;74
155;Syrian arab republic;SYR;174;28;PAÍSES DE INGRESO BAJO;22583045060;174;27;PAÍSES DE INGRESO BAJO;12047752036;173;29;PAÍSES DE INGRESO BAJO;14353205678;171;29;PAÍSES DE INGRESO BAJO;23622827080;175;27;PAÍSES DE INGRESO BAJO;0;179;17
30;Chad;TCD;122;63;PAÍSES DE INGRESO BAJO;11314951092;123;60;PAÍSES DE INGRESO BAJO;10715396042;123;60;PAÍSES DE INGRESO BAJO;11779981333;104;56;PAÍSES DE INGRESO BAJO;12396807588;109;54;PAÍSES DE INGRESO BAJO;13149325362;96;55
161;Togo;TGO;76;70;PAÍSES DE INGRESO BAJO;6992700101;71;71;PAÍSES DE INGRESO BAJO;7400284168;74;70;PAÍSES DE INGRESO BAJO;8342243646;100;57;PAÍSES DE INGRESO BAJO;8169476149;70;63;PAÍSES DE INGRESO BAJO;9171261838;113;51
159;Thailand;THA;136;56;INGRESO MEDIANO ALTO;543976691794;140;55;INGRESO MEDIANO ALTO;500461898480;137;55;INGRESO MEDIANO ALTO;506256494297;115;50;INGRESO MEDIANO ALTO;495645210973;106;55;INGRESO MEDIANO ALTO;514968699239;87;58
157;Tajikistan;TJK;161;46;PAÍSES DE INGRESO MEDIANO BAJO;8300813599;161;45;PAÍSES DE INGRESO MEDIANO BAJO;8133963551;162;44;PAÍSES DE INGRESO MEDIANO BAJO;8937805347;152;40;PAÍSES DE INGRESO MEDIANO BAJO;10713525200;153;39;PAÍSES DE INGRESO MEDIANO BAJO;12060602009;155;33
166;Turkmenistan;TKM;180;15;INGRESO MEDIANO ALTO;45232857143;179;15;INGRESO MEDIANO ALTO;45818000000;178;20;INGRESO MEDIANO ALTO;50007428571;177;25;INGRESO MEDIANO ALTO;58972000000;176;26;INGRESO MEDIANO ALTO;60628857143;175;22
160;Timor-leste;TLS;84;70;PAÍSES DE INGRESO MEDIANO BAJO;2032550400;78;70;PAÍSES DE INGRESO MEDIANO BAJO;2162619200;71;71;PAÍSES DE INGRESO MEDIANO BAJO;3624889700;17;82;PAÍSES DE INGRESO MEDIANO BAJO;3208594000;10;84;PAÍSES DE INGRESO MEDIANO BAJO;2079916900;20;79
162;Tonga;TON;45;75;INGRESO MEDIANO ALTO;494197841;50;73;INGRESO MEDIANO ALTO;496856296;46;75;INGRESO MEDIANO ALTO;518228012;49;70;INGRESO MEDIANO ALTO;518180042;44;71;INGRESO MEDIANO ALTO;0;45;70
163;Trinidad and tobago;TTO;39;75;INGRESO ALTO;23775659263;36;77;INGRESO ALTO;20807716174;31;78;INGRESO ALTO;24496397205;25;79;INGRESO ALTO;30053446092;30;77;INGRESO ALTO;27372285698;25;77
164;Tunisia;TUN;72;70;PAÍSES DE INGRESO MEDIANO BAJO;41905642419;72;71;PAÍSES DE INGRESO MEDIANO BAJO;42491780918;73;70;PAÍSES DE INGRESO MEDIANO BAJO;46812290143;94;58;PAÍSES DE INGRESO MEDIANO BAJO;44579761023;121;50;PAÍSES DE INGRESO MEDIANO BAJO;48529595417;118;50
165;Turkey;TUR;157;47;INGRESO MEDIANO ALTO;761005915751;154;50;INGRESO MEDIANO ALTO;720338490327;153;50;INGRESO MEDIANO ALTO;819865223976;149;41;INGRESO MEDIANO ALTO;907118434654;165;34;INGRESO MEDIANO ALTO;1118252964261;158;32
158;Tanzania, united republic of;TZA;118;64;PAÍSES DE INGRESO MEDIANO BAJO;61026731926;124;60;PAÍSES DE INGRESO MEDIANO BAJO;66068737786;124;59;PAÍSES DE INGRESO MEDIANO BAJO;70655628148;123;48;PAÍSES DE INGRESO MEDIANO BAJO;75769974505;143;44;PAÍSES DE INGRESO MEDIANO BAJO;79062403821;97;55
167;Uganda;UGA;125;61;PAÍSES DE INGRESO BAJO;35348155095;125;59;PAÍSES DE INGRESO BAJO;37600368242;125;59;PAÍSES DE INGRESO BAJO;40529788749;132;46;PAÍSES DE INGRESO BAJO;45565333211;133;46;PAÍSES DE INGRESO BAJO;48768955863;128;46
168;Ukraine;UKR;102;68;INGRESO MEDIANO ALTO;153883047510;96;67;INGRESO MEDIANO ALTO;156617722013;97;67;INGRESO MEDIANO ALTO;199765859571;106;56;INGRESO MEDIANO ALTO;161989520721;79;61;INGRESO MEDIANO ALTO;178757021965;61;65
172;Uruguay;URY;19;84;INGRESO ALTO;62222325807;19;84;INGRESO ALTO;53668636568;18;84;INGRESO ALTO;60760798596;44;72;INGRESO ALTO;70164683290;52;70;INGRESO ALTO;77240830877;51;68
171;United states of america;USA;48;74;INGRESO ALTO;21539982000000;45;76;INGRESO ALTO;21354105000000;44;76;INGRESO ALTO;23681171000000;42;73;INGRESO ALTO;26006893000000;45;71;INGRESO ALTO;27720709000000;55;67
173;Uzbekistan;UZB;160;46;PAÍSES DE INGRESO MEDIANO BAJO;67293639798;156;47;PAÍSES DE INGRESO MEDIANO BAJO;66443265418;157;49;PAÍSES DE INGRESO MEDIANO BAJO;77340060003;133;46;PAÍSES DE INGRESO MEDIANO BAJO;90095926567;137;46;PAÍSES DE INGRESO MEDIANO BAJO;101591769702;148;37
175;Viet nam;VNM;176;25;PAÍSES DE INGRESO MEDIANO BAJO;334365270497;175;25;PAÍSES DE INGRESO MEDIANO BAJO;346615738538;175;22;PAÍSES DE INGRESO MEDIANO BAJO;366474752771;174;26;PAÍSES DE INGRESO MEDIANO BAJO;410324028883;178;25;PAÍSES DE INGRESO MEDIANO BAJO;429716969044;174;22
136;Samoa;WSM;22;82;PAÍSES DE INGRESO MEDIANO BAJO;912950466;21;82;PAÍSES DE INGRESO MEDIANO BAJO;868898358;21;81;PAÍSES DE INGRESO MEDIANO BAJO;843923639;45;71;PAÍSES DE INGRESO MEDIANO BAJO;832945206;19;82;PAÍSES DE INGRESO MEDIANO BAJO;938189444;22;78
146;South africa;ZAF;31;78;INGRESO MEDIANO ALTO;389330032224;31;78;INGRESO MEDIANO ALTO;337974655408;32;78;INGRESO MEDIANO ALTO;420886877629;35;76;INGRESO MEDIANO ALTO;406920004594;25;79;INGRESO MEDIANO ALTO;380699271815;38;74
177;Zambia;ZMB;119;64;PAÍSES DE INGRESO MEDIANO BAJO;23308667781;120;63;PAÍSES DE INGRESO MEDIANO BAJO;18137764931;115;62;PAÍSES DE INGRESO MEDIANO BAJO;22096416932;109;55;PAÍSES DE INGRESO MEDIANO BAJO;29163782140;87;59;PAÍSES DE INGRESO MEDIANO BAJO;27577956471;95;55
178;Zimbabwe;ZWE;127;58;PAÍSES DE INGRESO MEDIANO BAJO;25717409842;126;59;PAÍSES DE INGRESO MEDIANO BAJO;26867936445;130;57;PAÍSES DE INGRESO MEDIANO BAJO;27240515109;137;45;PAÍSES DE INGRESO MEDIANO BAJO;32789751736;126;48;PAÍSES DE INGRESO MEDIANO BAJO;35231367886;116;50
